-- =====================================================
-- Тестовые данные для Такси-сервиса
-- =====================================================

SET search_path TO taxi_schema;

-- =====================================================
-- Вставка пользователей (минимум 10 записей)
-- =====================================================
INSERT INTO users (id, login, first_name, last_name, email, password_hash, created_at) VALUES
    ('11111111-1111-1111-1111-111111111111', 'john_doe', 'John', 'Doe', 'john@example.com', 'hash_secret123', '2024-01-15 10:00:00+00'),
    ('22222222-2222-2222-2222-222222222222', 'jane_smith', 'Jane', 'Smith', 'jane@example.com', 'hash_pass456', '2024-01-16 11:30:00+00'),
    ('33333333-3333-3333-3333-333333333333', 'bob_wilson', 'Bob', 'Wilson', 'bob@example.com', 'hash_bob789', '2024-01-17 09:15:00+00'),
    ('44444444-4444-4444-4444-444444444444', 'alice_brown', 'Alice', 'Brown', 'alice@example.com', 'hash_alice321', '2024-01-18 14:20:00+00'),
    ('55555555-5555-5555-5555-555555555555', 'charlie_davis', 'Charlie', 'Davis', 'charlie@example.com', 'hash_charlie654', '2024-01-19 16:45:00+00'),
    ('66666666-6666-6666-6666-666666666666', 'diana_evans', 'Diana', 'Evans', 'diana@example.com', 'hash_diana987', '2024-01-20 08:00:00+00'),
    ('77777777-7777-7777-7777-777777777777', 'edward_foster', 'Edward', 'Foster', 'edward@example.com', 'hash_edward123', '2024-01-21 12:00:00+00'),
    ('88888888-8888-8888-8888-888888888888', 'fiona_green', 'Fiona', 'Green', 'fiona@example.com', 'hash_fiona456', '2024-01-22 13:30:00+00'),
    ('99999999-9999-9999-9999-999999999999', 'george_harris', 'George', 'Harris', 'george@example.com', 'hash_george789', '2024-01-23 15:00:00+00'),
    ('aaaaaaaa-aaaa-aaaa-aaaa-aaaaaaaaaaaa', 'hannah_white', 'Hannah', 'White', 'hannah@example.com', 'hash_hannah321', '2024-01-24 17:30:00+00');

-- =====================================================
-- Вставка водителей (минимум 10 записей)
-- =====================================================
INSERT INTO drivers (id, first_name, last_name, car_model, car_number, status, rating, created_at) VALUES
    ('aaaaaaaa-1111-1111-1111-111111111111', 'Ivan', 'Petrov', 'Toyota Camry', 'A123BC', 'free', 4.8, '2024-01-10 09:00:00+00'),
    ('bbbbbbbb-2222-2222-2222-222222222222', 'Sergey', 'Ivanov', 'Hyundai Solaris', 'B456CD', 'busy', 4.5, '2024-01-11 10:30:00+00'),
    ('cccccccc-3333-3333-3333-333333333333', 'Alexey', 'Sidorov', 'Kia Rio', 'C789EF', 'free', 4.9, '2024-01-12 11:45:00+00'),
    ('dddddddd-4444-4444-4444-444444444444', 'Dmitry', 'Kuznetsov', 'Renault Logan', 'D012GH', 'offline', 4.2, '2024-01-13 13:00:00+00'),
    ('eeeeeeee-5555-5555-5555-555555555555', 'Mikhail', 'Volkov', 'Skoda Octavia', 'E345IJ', 'free', 4.7, '2024-01-14 14:15:00+00'),
    ('ffffffff-6666-6666-6666-666666666666', 'Andrey', 'Morozov', 'Volkswagen Polo', 'F678KL', 'busy', 4.6, '2024-01-15 15:30:00+00'),
    ('11111111-7777-7777-7777-777777777777', 'Pavel', 'Novikov', 'Nissan Qashqai', 'G901MN', 'free', 4.4, '2024-01-16 16:45:00+00'),
    ('22222222-8888-8888-8888-888888888888', 'Vladimir', 'Kozlov', 'Ford Focus', 'H234OP', 'free', 4.8, '2024-01-17 17:00:00+00'),
    ('33333333-9999-9999-9999-999999999999', 'Nikolay', 'Lebedev', 'Chevrolet Cruze', 'I567QR', 'busy', 4.3, '2024-01-18 18:15:00+00'),
    ('44444444-aaaa-aaaa-aaaa-aaaaaaaaaaaa', 'Oleg', 'Sokolov', 'Mazda 6', 'J890ST', 'free', 5.0, '2024-01-19 19:30:00+00');

-- =====================================================
-- Вставка поездок (минимум 10 записей)
-- =====================================================
INSERT INTO rides (id, user_id, driver_id, start_address, end_address, status, price, created_at, accepted_at, completed_at) VALUES
    ('aaaaaaaa-1111-2222-3333-444444444444', '11111111-1111-1111-1111-111111111111', 'aaaaaaaa-1111-1111-1111-111111111111', 'ул. Ленина, 10', 'ул. Пушкина, 20', 'completed', 510.00, '2024-02-01 09:00:00+00', '2024-02-01 09:05:00+00', '2024-02-01 09:30:00+00'),
    ('bbbbbbbb-2222-3333-4444-555555555555', '22222222-2222-2222-2222-222222222222', 'bbbbbbbb-2222-2222-2222-222222222222', 'пр. Мира, 15', 'ул. Гагарина, 25', 'completed', 320.00, '2024-02-02 10:30:00+00', '2024-02-02 10:35:00+00', '2024-02-02 11:00:00+00'),
    ('cccccccc-3333-4444-5555-666666666666', '33333333-3333-3333-3333-333333333333', 'cccccccc-3333-3333-3333-333333333333', 'ул. Чехова, 5', 'ул. Толстого, 8', 'accepted', 450.00, '2024-02-03 11:00:00+00', '2024-02-03 11:10:00+00', NULL),
    ('dddddddd-4444-5555-6666-777777777777', '44444444-4444-4444-4444-444444444444', 'dddddddd-4444-4444-4444-444444444444', 'б-р. Гагарина, 12', 'ул. Лермонтова, 30', 'created', 280.00, '2024-02-04 12:15:00+00', NULL, NULL),
    ('eeeeeeee-5555-6666-7777-888888888888', '55555555-5555-5555-5555-555555555555', 'eeeeeeee-5555-5555-5555-555555555555', 'ул. Кирова, 22', 'ул. Фрунзе, 35', 'in_progress', 680.00, '2024-02-05 13:45:00+00', '2024-02-05 13:50:00+00', NULL),
    ('ffffffff-6666-7777-8888-999999999999', '66666666-6666-6666-6666-666666666666', 'ffffffff-6666-6666-6666-666666666666', 'пр. Победы, 7', 'ул. Советская, 18', 'cancelled', 150.00, '2024-02-06 14:30:00+00', NULL, NULL),
    ('11111111-7777-8888-9999-aaaaaaaaaaaa', '77777777-7777-7777-7777-777777777777', '11111111-7777-7777-7777-777777777777', 'ул. Дзержинского, 3', 'ул. Октябрьская, 42', 'completed', 890.00, '2024-02-07 15:20:00+00', '2024-02-07 15:25:00+00', '2024-02-07 16:00:00+00'),
    ('22222222-8888-9999-aaaa-bbbbbbbbbbbb', '88888888-8888-8888-8888-888888888888', '22222222-8888-8888-8888-888888888888', 'ул. Гоголя, 11', 'ул. Некрасова, 27', 'accepted', 540.00, '2024-02-08 16:45:00+00', '2024-02-08 16:50:00+00', NULL),
    ('33333333-9999-aaaa-bbbb-cccccccccccc', '99999999-9999-9999-9999-999999999999', '33333333-9999-9999-9999-999999999999', 'ул. Есенина, 9', 'ул. Маяковского, 14', 'completed', 760.00, '2024-02-09 17:10:00+00', '2024-02-09 17:15:00+00', '2024-02-09 17:50:00+00'),
    ('44444444-aaaa-bbbb-cccc-dddddddddddd', 'aaaaaaaa-aaaa-aaaa-aaaa-aaaaaaaaaaaa', '44444444-aaaa-aaaa-aaaa-aaaaaaaaaaaa', 'ул. Тургенева, 4', 'ул. Достоевского, 33', 'created', 420.00, '2024-02-10 18:30:00+00', NULL, NULL);

-- =====================================================
-- Проверка вставленных данных
-- =====================================================
SELECT 'Users count: ' || COUNT(*) FROM users;
SELECT 'Drivers count: ' || COUNT(*) FROM drivers;
SELECT 'Rides count: ' || COUNT(*) FROM rides;